Datetime,Water Level (m)
2026-01-17 18:00:00,-0.71198106
2026-01-17 19:00:00,-0.21095447
2026-01-17 20:00:00,4.592945
2026-01-17 21:00:00,7.9646
2026-01-17 22:00:00,8.331792
2026-01-17 23:00:00,7.647034
2026-01-18 00:00:00,6.703259
2026-01-18 01:00:00,5.640124
2026-01-18 02:00:00,4.649855
2026-01-18 03:00:00,3.8782334
2026-01-18 04:00:00,3.2805698
2026-01-18 05:00:00,5.2392473
2026-01-18 06:00:00,6.666763
2026-01-18 07:00:00,6.600989
2026-01-18 08:00:00,5.7898364
2026-01-18 09:00:00,4.805261
2026-01-18 10:00:00,3.996977
2026-01-18 11:00:00,3.3872879
2026-01-18 12:00:00,3.0685945
2026-01-18 13:00:00,5.0924935
2026-01-18 14:00:00,5.352557
2026-01-18 15:00:00,4.762643
2026-01-18 16:00:00,3.9184902
2026-01-18 17:00:00,3.2356226
2026-01-18 18:00:00,2.7473764
2026-01-18 19:00:00,2.3724666
2026-01-18 20:00:00,3.2293885
2026-01-18 21:00:00,4.745345
2026-01-18 22:00:00,4.5951343
2026-01-18 23:00:00,3.9142106
2026-01-19 00:00:00,3.1539211
2026-01-19 01:00:00,2.6237304
2026-01-19 02:00:00,2.253034
2026-01-19 03:00:00,1.949212
2026-01-19 04:00:00,1.8756795
2026-01-19 05:00:00,2.8583822
2026-01-19 06:00:00,2.5543602
2026-01-19 07:00:00,1.9925665
2026-01-19 08:00:00,1.694098
2026-01-19 09:00:00,1.4370824
2026-01-19 10:00:00,1.1756599
2026-01-19 11:00:00,1.1445005
2026-01-19 12:00:00,2.1781979
2026-01-19 13:00:00,2.2174995
2026-01-19 14:00:00,1.728506
2026-01-19 15:00:00,1.3240625
2026-01-19 16:00:00,1.089069
2026-01-19 17:00:00,0.84101844
2026-01-19 18:00:00,0.61729765
2026-01-19 19:00:00,0.55360365
2026-01-19 20:00:00,1.3043528
2026-01-19 21:00:00,1.5035361
2026-01-19 22:00:00,1.2564664
2026-01-19 23:00:00,0.90044224
2026-01-20 00:00:00,0.6889235
2026-01-20 01:00:00,0.50863194
2026-01-20 02:00:00,0.47239837
2026-01-20 03:00:00,0.51902276
2026-01-20 04:00:00,0.32991943
2026-01-20 05:00:00,0.110336706
2026-01-20 06:00:00,-0.057851598
2026-01-20 07:00:00,-0.205918
2026-01-20 08:00:00,-0.3459447
2026-01-20 09:00:00,-0.27989677
2026-01-20 10:00:00,0.55988234
2026-01-20 11:00:00,0.8709715
2026-01-20 12:00:00,0.89409876
2026-01-20 13:00:00,0.5857303
2026-01-20 14:00:00,0.31402332
2026-01-20 15:00:00,0.111567505
2026-01-20 16:00:00,-0.080364846
2026-01-20 17:00:00,-0.23943649
2026-01-20 18:00:00,-0.37454847
2026-01-20 19:00:00,-0.4892409
2026-01-20 20:00:00,-0.5788092
2026-01-20 21:00:00,-0.49745113
2026-01-20 22:00:00,0.19566107
2026-01-20 23:00:00,0.69843
2026-01-21 00:00:00,1.0013424
2026-01-21 01:00:00,1.043194
2026-01-21 02:00:00,0.81077254
2026-01-21 03:00:00,0.4176641
2026-01-21 04:00:00,0.1382836
2026-01-21 05:00:00,-0.06586148
2026-01-21 06:00:00,-0.2354216
2026-01-21 07:00:00,-0.3872287
2026-01-21 08:00:00,-0.50755864
2026-01-21 09:00:00,-0.54422534
2026-01-21 10:00:00,-0.17312084
2026-01-21 11:00:00,0.31323218
2026-01-21 12:00:00,0.61156005
2026-01-21 13:00:00,0.70377123
2026-01-21 14:00:00,0.56949985
2026-01-21 15:00:00,0.2633565
2026-01-21 16:00:00,0.00881375
2026-01-21 17:00:00,-0.1865841
2026-01-21 18:00:00,-0.35014358
2026-01-21 19:00:00,-0.49258223
2026-01-21 20:00:00,-0.6069281
2026-01-21 21:00:00,-0.60126996
2026-01-21 22:00:00,-0.033465426
2026-01-21 23:00:00,0.45449242
2026-01-22 00:00:00,0.77195996
2026-01-22 01:00:00,0.9051473
2026-01-22 02:00:00,0.81196946
2026-01-22 03:00:00,0.483027
2026-01-22 04:00:00,0.14806964
2026-01-22 05:00:00,-0.074201964
2026-01-22 06:00:00,-0.24617518
2026-01-22 07:00:00,-0.4017074
2026-01-22 08:00:00,-0.52967346
2026-01-22 09:00:00,-0.6345341
2026-01-22 10:00:00,-0.5454416
2026-01-22 11:00:00,0.06290002
2026-01-22 12:00:00,0.44764712
2026-01-22 13:00:00,0.67231274
2026-01-22 14:00:00,0.657792
2026-01-22 15:00:00,0.41840363
2026-01-22 16:00:00,0.10349751
2026-01-22 17:00:00,-0.1202156
2026-01-22 18:00:00,-0.29326832
2026-01-22 19:00:00,-0.44680426
2026-01-22 20:00:00,-0.5735198
2026-01-22 21:00:00,-0.6622537
2026-01-22 22:00:00,-0.4637015
2026-01-22 23:00:00,0.16484769
2026-01-23 00:00:00,0.53886026
2026-01-23 01:00:00,0.7976051
2026-01-23 02:00:00,0.82885647
2026-01-23 03:00:00,0.62303776
2026-01-23 04:00:00,0.25934044
2026-01-23 05:00:00,-0.013284128
2026-01-23 06:00:00,-0.20049743
2026-01-23 07:00:00,-0.36384478
2026-01-23 08:00:00,-0.5043136
2026-01-23 09:00:00,-0.61670715
2026-01-23 10:00:00,-0.67636794
2026-01-23 11:00:00,-0.28847402
2026-01-23 12:00:00,0.25553647
2026-01-23 13:00:00,0.55967724
2026-01-23 14:00:00,0.71036035
2026-01-23 15:00:00,0.63410926
2026-01-23 16:00:00,0.3429046
2026-01-23 17:00:00,0.036620516
2026-01-23 18:00:00,-0.17210878
